scenario,accuracy,performance_drop
Standard Pipeline,0.3727574646472931,0.0
No Augmentation,0.3973422050476074,-0.02458474040031433
